Time,1st Prediction,2nd Prediction,3rd Prediction,4th Prediction,5th Prediction,6th Prediction
1532597227.1797638,1.2420259714126587,1.2435007095336914,1.2451250553131104,1.246970534324646,1.2490699291229248,1.251427412033081
